{
  "model": "latest",
  "mAP50": 0.7254132759327795,
  "mAP50-95": 0.46316977060963255,
  "precision": 0.8287348493962696,
  "recall": 0.6447746929457498,
  "fitness": 0.48939412114194725,
  "inference_time": 0.0,
  "nms_time": 0.0,
  "total_time": 0.0
}