{
  "model": "latest",
  "mAP50": 0.8935092996725241,
  "mAP50-95": 0.6460968997821018,
  "precision": 0.9280402816366607,
  "recall": 0.8113248733331477,
  "fitness": 0.670838139771144,
  "inference_time": 0.0,
  "nms_time": 0.0,
  "total_time": 0.0
}