{
  "model": "latest",
  "mAP50": 0.8842451661689104,
  "mAP50-95": 0.6352178863112283,
  "precision": 0.9199099548109456,
  "recall": 0.84685523693895,
  "fitness": 0.6601206142969966,
  "inference_time": 0.0,
  "nms_time": 0.0,
  "total_time": 0.0
}