{
  "model": "latest",
  "mAP50": 0.6861438109461175,
  "mAP50-95": 0.4182318813540607,
  "precision": 0.7944467759088317,
  "recall": 0.5980619738525615,
  "fitness": 0.4450230743132664,
  "inference_time": 0.0,
  "nms_time": 0.0,
  "total_time": 0.0
}